<?xml version="1.0"?>
<!DOCTYPE look-and-feel PUBLIC "-//Liferay//DTD Look and Feel 7.4.0//EN" "http://www.liferay.com/dtd/liferay-look-and-feel_7_4_0.dtd">

<look-and-feel>
	<compatibility>
		<version>7.4.0+</version>
	</compatibility>
	<theme id="my-liferay-theme" name="My Liferay Theme">
		<settings>
			<setting configurable="true" key="show-header" type="checkbox" value="true" />
			<setting configurable="true" key="show-footer" type="checkbox" value="true" />
			<setting configurable="true" key="show-header-search" type="checkbox" value="true" />
			<setting configurable="true" key="header-navigation-menu-id" type="text" value=""/>
			<setting configurable="true" key="desktop-header-navigation-menu-widget-template-key" type="text" value=""/>
		</settings> 
		<template-extension>ftl</template-extension>
		<portlet-decorator id="barebone" name="Barebone">
			<portlet-decorator-css-class>portlet-barebone</portlet-decorator-css-class>
		</portlet-decorator>
		<portlet-decorator id="borderless" name="Borderless">
			<default-portlet-decorator>true</default-portlet-decorator>
			<portlet-decorator-css-class>portlet-borderless</portlet-decorator-css-class>
		</portlet-decorator>
		<portlet-decorator id="decorate" name="Decorate">
			<portlet-decorator-css-class>portlet-decorate</portlet-decorator-css-class>
		</portlet-decorator>
	</theme>
</look-and-feel>
